feature,mean_abs_shap,mean_shap
prev_1m_closing_balance_usd,53.72009294408349,-0.08480859526276756
repayment_ratio,47.714830048293884,0.15847588464964066
roll3_mean_closing_balance_usd,47.37176142881094,-0.11398999310425781
prev_2m_closing_balance_usd,41.27806503613026,-0.10079336854928642
roll6_slope_balance,40.19471651051268,0.13880206632266692
prev_3m_closing_balance_usd,39.54040291952024,-0.1277592059967877
roll6_mean_balance,38.773036737910736,-0.1190826918631657
roll3_mean_net_flow_usd,36.002758212792955,0.06712326202385797
roll6_std_balance,28.556024703789447,0.4781409841862841
drawdown_6m,24.700619636018644,-0.33290295292069993
prev_1m_net_flow_usd,24.445266379817365,0.03059249776471203
months_since_sign_flip,22.420506058187435,-1.0654456824103444
prev_1m_spend_cash_atm_usd,21.89700875900912,-0.2856678714930313
roll3_mean_change,20.375631500265992,0.08940322592332892
prev_1m_change,19.7396777711108,0.05989887191269636
net_flow_cv,19.66033688812399,-0.2853092378673203
prev_1m_distinct_merchants,17.537635157876558,0.03673881914206348
change_volatility_6m,12.790262586163124,-0.22281526746230443
eom_cv_6m,10.266596776078597,-0.1749715705562952
prev_1m_spend_bills_usd,10.176604030589207,-0.135866318443707
share_neg_last_6m,9.633932989562386,0.17744228246984078
roll3_mean_total_credited_usd,8.04890299575522,0.1279395336894278
prev_1m_spend_retail_usd,7.590026880148732,0.07496455418385237
prev_1m_spend_transport_usd,7.568698301513917,-0.08547944236971974
prev_1m_spend_other_usd,7.567627991478976,-0.09583440287952844
prev_1m_total_debited_usd,7.245730285156723,-0.12029895403749011
roll3_std_closing_balance_usd,7.238075842989331,-0.1230523089809324
prev_1m_total_credited_usd,6.514702254894292,0.10519574570538165
prev_1m_txn_count,4.439616877784729,-0.03466939540537536
turnover_roll6,3.2267870698458925,0.0505958725314272
prev_1m_spend_dining_usd,3.0327366223945167,0.0350424962177506
debt_depth_6m,2.9405293968452177,-0.03332704918695903
roll6_std_net_flow,2.497725294804552,0.04086069570358427
prev_1m_spend_groceries_usd,2.2815855265900518,-0.036181206124904726
accounts_held,1.4615636895439357,-0.119371361397386
sign_flips_6m,1.312167591320932,-0.021109517234892836
roll3_mean_total_debited_usd,0.5725803226672402,-0.009239357888109062
income_cv_6m,0.37976627718279904,0.0004488082303120813
flow_volatility_6m,0.1666643544959309,-0.0022737330167347833
