segmentation,segment,category,model,rows_per_fold,reference_wape,wape,folds_won,folds,gain,passes
behaviour_id,0.0,unassigned,three_month_average,16.6,18.273020100695568,18.48864487105069,1,5,-0.21562477035512018,False
behaviour_id,0.0,unassigned,xgboost,16.6,18.273020100695568,18.707483549634276,1,5,-0.4344634489387076,False
behaviour_id,0.0,unassigned,elastic_net,16.6,18.273020100695568,25.25309137514322,0,5,-6.980071274447653,False
behaviour_id,0.0,unassigned,ridge,16.6,18.273020100695568,25.40586073739815,0,5,-7.132840636702582,False
behaviour_id,1.0,stable,xgboost,224.6,20.809112831638636,20.579231616248354,4,5,0.22988121539028228,True
behaviour_id,1.0,stable,elastic_net,224.6,20.809112831638636,21.03929662900051,1,5,-0.23018379736187455,False
behaviour_id,1.0,stable,ridge,224.6,20.809112831638636,21.04466438713638,1,5,-0.23555155549774298,False
behaviour_id,1.0,stable,three_month_average,224.6,20.809112831638636,22.455354459279846,1,5,-1.64624162764121,False
behaviour_id,2.0,moderate,xgboost,161.4,21.077837823829224,20.615799040339564,3,5,0.46203878348966043,False
behaviour_id,2.0,moderate,elastic_net,161.4,21.077837823829224,21.888890326410216,0,5,-0.811052502580992,False
behaviour_id,2.0,moderate,ridge,161.4,21.077837823829224,21.90855117117758,0,5,-0.8307133473483574,False
behaviour_id,2.0,moderate,three_month_average,161.4,21.077837823829224,22.297662847029816,3,5,-1.2198250232005918,False
behaviour_id,3.0,dynamic,xgboost,47.4,18.35352983917648,18.602437992431657,2,5,-0.2489081532551758,False
behaviour_id,3.0,dynamic,elastic_net,47.4,18.35352983917648,19.65704135782975,1,5,-1.30351151865327,False
behaviour_id,3.0,dynamic,ridge,47.4,18.35352983917648,19.704032672263487,1,5,-1.3505028330870061,False
behaviour_id,3.0,dynamic,three_month_average,47.4,18.35352983917648,32.221920629463966,0,5,-13.868390790287485,False
sign_regime_id,1.0,not_always_negative,xgboost,120.6,55.25630953961445,54.40003564342603,3,5,0.8562738961884193,False
sign_regime_id,1.0,not_always_negative,elastic_net,120.6,55.25630953961445,56.23688789125016,1,5,-0.9805783516357138,False
sign_regime_id,1.0,not_always_negative,ridge,120.6,55.25630953961445,56.29922803427237,1,5,-1.0429184946579184,False
sign_regime_id,1.0,not_always_negative,three_month_average,120.6,55.25630953961445,60.57377997449781,2,5,-5.3174704348833615,False
sign_regime_id,2.0,shallow_negative,xgboost,102.2,28.769205552112787,28.711113068535383,3,5,0.05809248357740415,False
sign_regime_id,2.0,shallow_negative,ridge,102.2,28.769205552112787,30.402439794540065,1,5,-1.633234242427278,False
sign_regime_id,2.0,shallow_negative,elastic_net,102.2,28.769205552112787,30.430937603170463,1,5,-1.661732051057676,False
sign_regime_id,2.0,shallow_negative,three_month_average,102.2,28.769205552112787,32.131512279104825,0,5,-3.3623067269920384,False
sign_regime_id,3.0,deep_negative,xgboost,227.2,8.848542569616036,8.650692953630568,4,5,0.19784961598546857,True
sign_regime_id,3.0,deep_negative,elastic_net,227.2,8.848542569616036,9.125301569930837,0,5,-0.27675900031480083,False
sign_regime_id,3.0,deep_negative,ridge,227.2,8.848542569616036,9.133938748402118,0,5,-0.2853961787860815,False
sign_regime_id,3.0,deep_negative,three_month_average,227.2,8.848542569616036,10.99350798574721,0,5,-2.144965416131173,False
size_id,1.0,low_turnover,xgboost,68.0,20.751111388577563,20.750305429720285,3,5,0.0008059588572777443,False
size_id,1.0,low_turnover,three_month_average,68.0,20.751111388577563,24.11036684634594,0,5,-3.359255457768377,False
size_id,1.0,low_turnover,elastic_net,68.0,20.751111388577563,26.405248748803693,0,5,-5.65413736022613,False
size_id,1.0,low_turnover,ridge,68.0,20.751111388577563,26.48265048378044,0,5,-5.731539095202876,False
size_id,2.0,mid_turnover,xgboost,301.2,12.198052294094174,12.031848376025366,3,5,0.16620391806880797,False
size_id,2.0,mid_turnover,elastic_net,301.2,12.198052294094174,12.726941162589407,0,5,-0.5288888684952333,False
size_id,2.0,mid_turnover,ridge,301.2,12.198052294094174,12.731282145913614,0,5,-0.5332298518194403,False
size_id,2.0,mid_turnover,three_month_average,301.2,12.198052294094174,15.258591681986857,0,5,-3.0605393878926836,False
size_id,3.0,high_turnover,xgboost,80.8,35.535549881812315,35.12767287061953,3,5,0.4078770111927881,False
size_id,3.0,high_turnover,elastic_net,80.8,35.535549881812315,35.492971449055496,2,5,0.042578432756819495,False
size_id,3.0,high_turnover,ridge,80.8,35.535549881812315,35.5167676792043,2,5,0.018782202608015552,False
size_id,3.0,high_turnover,three_month_average,80.8,35.535549881812315,41.11457941211309,2,5,-5.579029530300772,False
